순위,학교(원본 공시 단위),공시연도,실적연도,연구비 합계(천원),전체 전임교원(명),1인당 연구비(억원),원본 행
1,포항공과대학교,2026,2025,232963976,294,7.9239447619,141
2,한국과학기술원,2026,2025,572084654,742,7.7100357682,251
3,한국에너지공과대학교,2026,2025,31221119,53,5.8907771698,254
4,울산과학기술원,2026,2025,181360710,329,5.5124835866,253
5,광주과학기술원,2026,2025,97048994,190,5.1078417895,250
6,성균관대학교,2026,2025,560214546,1554,3.6049842085,218
7,대구경북과학기술원,2026,2025,62001877,174,3.5633262644,252
8,연세대학교,2026,2025,656046704,1883,3.4840504727,84
9,서울대학교,2026,2025,815702893,2367,3.4461465695,54
10,고려대학교,2026,2025,551948481,1657,3.3310107483,147
11,한양대학교(ERICA)_분교,2026,2025,118492125,421,2.8145397862,107
12,한양대학교,2026,2025,289052229,1107,2.6111312466,108
13,한국전통문화대학교,2026,2025,8132218,36,2.2589494444,248
14,전남대학교_제2캠퍼스,2026,2025,27089657,123,2.2024111382,39
15,아주대학교,2026,2025,158085122,757,2.0883107266,88
16,서울과학기술대학교,2026,2025,82384932,435,1.8939064828,47
17,충남대학교,2026,2025,195897859,1065,1.8394165164,31
18,서강대학교,2026,2025,75435706,416,1.8133583173,205
19,전남대학교,2026,2025,211187788,1171,1.8034823911,40
20,경북대학교,2026,2025,253559164,1430,1.7731410070,48
21,국립부경대학교,2026,2025,107885135,627,1.7206560606,24
22,고려대학교(세종)_분교,2026,2025,44665464,260,1.7179024615,146
23,인하대학교,2026,2025,152346799,888,1.7156171059,95
24,전북대학교,2026,2025,180684377,1064,1.6981614380,38
25,중앙대학교,2026,2025,170112029,1043,1.6309878140,126
26,이화여자대학교,2026,2025,156169439,973,1.6050302055,69
27,서울시립대학교,2026,2025,71112684,460,1.5459279130,9
28,경희대학교,2026,2025,217642718,1424,1.5283898736,195
29,부산대학교,2026,2025,216891243,1440,1.5061891875,14
30,세종대학교,2026,2025,89712548,600,1.4952091333,221
31,가톨릭대학교_제2캠퍼스,2026,2025,150046027,1024,1.4652932324,176
32,광운대학교,2026,2025,43020172,296,1.4533841892,151
33,건국대학교,2026,2025,93696227,646,1.4504059907,182
34,국립한국해양대학교,2026,2025,39604227,278,1.4246124820,29
35,중앙대학교_제2캠퍼스,2026,2025,21116804,149,1.4172351678,127
36,충북대학교,2026,2025,114699325,818,1.4021922372,15
37,동국대학교,2026,2025,95428346,681,1.4012972981,232
38,울산대학교,2026,2025,149068101,1083,1.3764367590,73
39,한국기술교육대학교,2026,2025,24412614,186,1.3125061290,143
40,한국항공대학교,2026,2025,21860640,168,1.3012285714,98
41,강원대학교,2026,2025,105421413,846,1.2461159929,43
42,국민대학교,2026,2025,80838726,662,1.2211287915,155
43,명지대학교,2026,2025,29462819,255,1.1554046667,242
44,국립금오공과대학교,2026,2025,28380532,248,1.1443762903,19
45,국립한국교통대학교,2026,2025,36719652,321,1.1439143925,28
46,경상국립대학교,2026,2025,119948091,1051,1.1412758421,49
47,가천대학교,2026,2025,114097927,1032,1.1056000678,172
48,인천대학교,2026,2025,53135125,494,1.0756098178,53
49,국립목포해양대학교,2026,2025,13382411,126,1.0620961111,22
50,국립창원대학교,2026,2025,35964991,341,1.0546918182,27
51,국립공주대학교,2026,2025,60066340,574,1.0464519164,17
52,제주대학교,2026,2025,66760366,640,1.0431307188,36
53,국립목포대학교,2026,2025,32159119,321,1.0018417134,21
54,국립군산대학교,2026,2025,33107465,336,0.9853412202,18
55,국립한밭대학교,2026,2025,28591880,303,0.9436264026,30
56,조선대학교,2026,2025,68131011,730,0.9333015205,124
57,상명대학교,2026,2025,21752999,237,0.9178480591,202
58,숭실대학교,2026,2025,47686501,544,0.8765900919,67
59,한림대학교,2026,2025,59907110,690,0.8682189855,102
60,서경대학교,2026,2025,20846635,246,0.8474241870,206
61,가톨릭대학교,2026,2025,22120857,262,0.8443075191,175
62,영남대학교,2026,2025,70683155,858,0.8238129953,83
63,강원대학교_제2캠퍼스,2026,2025,15884293,199,0.7982056784,44
64,연세대학교(미래)_분교,2026,2025,32385232,406,0.7976658128,85
65,한국공학대학교,2026,2025,20731547,263,0.7882717490,142
66,한국침례신학대학교,2026,2025,4250000,54,0.7870370370,97
67,대구교육대학교,2026,2025,6666907,86,0.7752217442,35
68,숙명여자대학교,2026,2025,32432954,422,0.7685534123,61
69,국립경국대학교,2026,2025,22006157,295,0.7459714237,16
70,동신대학교,2026,2025,18234211,252,0.7235798016,236
71,단국대학교,2026,2025,32342309,465,0.6955335269,164
72,안양대학교_제2캠퍼스,2026,2025,1376735,20,0.6883675000,86
73,단국대학교_제2캠퍼스,2026,2025,34375274,516,0.6661874806,165
74,국립순천대학교,2026,2025,20804875,319,0.6521904389,25
75,홍익대학교,2026,2025,35870621,559,0.6416926834,116
76,한국교원대학교,2026,2025,13608410,213,0.6388924883,10
77,동아대학교,2026,2025,44885636,711,0.6313028973,237
78,청주교육대학교,2026,2025,4249011,69,0.6157986957,23
79,한경국립대학교,2026,2025,14996226,249,0.6022580723,12
80,순천향대학교,2026,2025,55231493,931,0.5932491192,71
81,한서대학교,2026,2025,12990224,221,0.5877929412,103
82,원광대학교,2026,2025,42752654,733,0.5832558527,56
83,공주교육대학교,2026,2025,5008766,86,0.5824146512,11
84,한동대학교,2026,2025,8794225,151,0.5823990066,100
85,계명대학교,2026,2025,45058144,780,0.5776685128,170
86,강원대학교_제3캠퍼스,2026,2025,15959226,277,0.5761453430,52
87,인제대학교,2026,2025,42012931,787,0.5338364803,55
88,우석대학교,2026,2025,11681104,249,0.4691206426,75
89,동국대학교(WISE)_분교,2026,2025,13437559,293,0.4586197611,231
90,경기대학교,2026,2025,19462356,447,0.4353994631,186
91,건국대학교(글로컬)_분교,2026,2025,17822769,419,0.4253644153,181
92,글로벌사이버대학교,2026,2025,655000,16,0.4093750000,158
93,대전대학교,2026,2025,10561053,264,0.4000398864,227
94,성신여자대학교,2026,2025,13077887,330,0.3962996061,219
95,홍익대학교_제2캠퍼스,2026,2025,7529647,192,0.3921691146,117
96,대구한의대학교,2026,2025,8563637,222,0.3857494144,196
97,호서대학교,2026,2025,14939659,406,0.3679718966,114
98,서울여자대학교,2026,2025,8220901,230,0.3574304783,211
99,호남대학교,2026,2025,8046732,236,0.3409632203,112
100,상명대학교_제2캠퍼스,2026,2025,6029419,177,0.3406451412,203
101,안양대학교,2026,2025,5061267,150,0.3374178000,87
102,서원대학교,2026,2025,7311652,222,0.3293536937,214
103,대구가톨릭대학교,2026,2025,17266780,526,0.3282657795,166
104,세종사이버대학교,2026,2025,1660000,52,0.3192307692,222
105,을지대학교_제2캠퍼스,2026,2025,3685087,116,0.3176799138,66
106,청주대학교,2026,2025,13204374,422,0.3128998578,134
107,차의과학대학교,2026,2025,15588724,504,0.3093000794,130
108,건양대학교_제2캠퍼스,2026,2025,7265083,239,0.3039783682,184
109,한국외국어대학교,2026,2025,18244598,606,0.3010659736,119
110,동의대학교,2026,2025,15972306,536,0.2979907836,239
111,강원대학교_제4캠퍼스,2026,2025,2786181,94,0.2964022340,50
112,한성대학교,2026,2025,8139429,279,0.2917358065,104
113,덕성여자대학교,2026,2025,5123187,194,0.2640818041,230
114,삼육대학교,2026,2025,4612050,187,0.2466336898,201
115,대진대학교,2026,2025,5565155,229,0.2430198690,229
116,신한대학교,2026,2025,1739944,74,0.2351275676,91
117,서울교육대학교,2026,2025,2437199,104,0.2343460577,42
118,춘천교육대학교,2026,2025,1731526,76,0.2278323684,32
119,인천가톨릭대학교_제2캠퍼스,2026,2025,559620,26,0.2152384615,70
120,선문대학교,2026,2025,5891765,276,0.2134697464,215
121,청운대학교,2026,2025,3498589,169,0.2070171006,132
122,전주대학교,2026,2025,6672601,323,0.2065820743,122
123,평택대학교,2026,2025,2314681,113,0.2048390265,140
124,가톨릭관동대학교,2026,2025,6760892,338,0.2000263905,173
125,한남대학교,2026,2025,7371031,369,0.1997569377,99
126,상지대학교,2026,2025,4460291,228,0.1956267982,204
127,경남대학교,2026,2025,6860140,356,0.1927005618,188
128,대구대학교,2026,2025,9207839,485,0.1898523505,167
129,을지대학교_제3캠퍼스,2026,2025,359280,19,0.1890947368,68
130,세명대학교,2026,2025,4144014,224,0.1850006250,220
131,동덕여자대학교,2026,2025,3860571,213,0.1812474648,233
132,유원대학교,2026,2025,2392602,133,0.1798948872,62
133,한국성서대학교,2026,2025,674425,40,0.1686062500,121
134,한라대학교,2026,2025,1621263,97,0.1671405155,101
135,강남대학교,2026,2025,3207855,195,0.1645053846,179
136,경운대학교,2026,2025,3156487,195,0.1618711282,193
137,나사렛대학교,2026,2025,2337219,147,0.1589944898,161
138,김천대학교,2026,2025,1524609,98,0.1555723469,160
139,중부대학교,2026,2025,4945751,326,0.1517101534,125
140,경일대학교,2026,2025,3640775,241,0.1510695021,194
141,경성대학교,2026,2025,5511816,398,0.1384878392,192
142,동서대학교,2026,2025,4207514,304,0.1384050658,235
143,수원대학교,2026,2025,4396165,322,0.1365268634,59
144,한국체육대학교,2026,2025,1540113,115,0.1339228696,45
145,극동대학교,2026,2025,1557498,117,0.1331194872,157
146,용인대학교,2026,2025,2397524,185,0.1295958919,82
147,창신대학교,2026,2025,1002586,78,0.1285366667,131
148,동양대학교,2026,2025,1677416,131,0.1280470229,238
149,위덕대학교,2026,2025,1016382,80,0.1270477500,60
150,부산외국어대학교,2026,2025,2551038,207,0.1232385507,198
151,명지대학교_제2캠퍼스,2026,2025,2873697,240,0.1197373750,243
152,배재대학교,2026,2025,2839585,240,0.1183160417,246
153,경희사이버대학교,2026,2025,568598,49,0.1160404082,171
154,신라대학교,2026,2025,2929600,256,0.1144375000,93
155,송원대학교,2026,2025,1048513,92,0.1139688043,144
156,한국방송통신대학교,2026,2025,1902306,169,0.1125624852,41
157,태재대학교,2026,2025,132000,12,0.1100000000,139
158,경인교육대학교,2026,2025,1452479,134,0.1083939552,46
159,건양대학교,2026,2025,1082452,102,0.1061227451,183
160,을지대학교,2026,2025,3006250,290,0.1036637931,65
161,광주대학교,2026,2025,1905665,187,0.1019072193,153
162,한신대학교,2026,2025,1730963,170,0.1018213529,106
163,고려사이버대학교,2026,2025,475493,47,0.1011687234,148
164,백석대학교,2026,2025,4395463,445,0.0987744494,225
165,남서울대학교,2026,2025,2994375,308,0.0972199675,163
166,목원대학교,2026,2025,2490960,257,0.0969245136,244
167,신한대학교_제2캠퍼스,2026,2025,1758762,189,0.0930561905,90
168,가톨릭꽃동네대학교,2026,2025,191353,22,0.0869786364,174
169,성결대학교,2026,2025,1295947,165,0.0785422424,216
170,광주교육대학교,2026,2025,545767,71,0.0768685915,13
171,협성대학교,2026,2025,893688,121,0.0738585124,111
172,부산가톨릭대학교,2026,2025,863817,118,0.0732048305,224
173,강서대학교,2026,2025,390023,55,0.0709132727,180
174,총신대학교,2026,2025,734111,104,0.0705875962,136
175,국제사이버대학교,2026,2025,116780,17,0.0686941176,156
176,장로회신학대학교,2026,2025,504270,75,0.0672360000,96
177,고신대학교,2026,2025,1592245,240,0.0663435417,149
178,우송대학교,2026,2025,2094643,319,0.0656627900,74
179,한양사이버대학교,2026,2025,504883,78,0.0647285897,109
180,초당대학교,2026,2025,589000,92,0.0640217391,135
181,성공회대학교,2026,2025,539222,85,0.0634378824,217
182,동명대학교,2026,2025,1275139,222,0.0574386937,234
183,호원대학교,2026,2025,754062,135,0.0558564444,115
184,부산교육대학교,2026,2025,435159,78,0.0557896154,33
185,중원대학교,2026,2025,639123,119,0.0537078151,129
186,영산대학교(양산)_제2캠퍼스,2026,2025,464543,93,0.0499508602,76
187,부산장신대학교,2026,2025,71750,15,0.0478333333,199
188,한세대학교,2026,2025,435419,98,0.0444305102,105
189,추계예술대학교,2026,2025,194000,45,0.0431111111,137
190,국립목포대학교(담양캠퍼스)_제2캠퍼스,2026,2025,68250,17,0.0401470588,20
191,감리교신학대학교,2026,2025,95500,24,0.0397916667,178
192,세한대학교,2026,2025,385875,102,0.0378308824,145
193,가톨릭대학교_제3캠퍼스,2026,2025,55000,16,0.0343750000,177
194,진주교육대학교,2026,2025,216322,65,0.0332803077,34
195,광주여자대학교,2026,2025,393573,121,0.0325266942,154
196,경동대학교_제4캠퍼스,2026,2025,330690,103,0.0321058252,191
197,화성의과학대학교,2026,2025,88387,30,0.0294623333,118
198,영산대학교(해운대),2026,2025,262073,92,0.0284861957,92
199,사이버한국외국어대학교,2026,2025,96720,35,0.0276342857,200
200,남부대학교,2026,2025,265279,101,0.0262652475,162
201,경기대학교_제2캠퍼스,2026,2025,83583,33,0.0253281818,187
202,영산선학대학교,2026,2025,27000,11,0.0245454545,77
203,예수대학교,2026,2025,49037,20,0.0245185000,79
204,서울신학대학교,2026,2025,219669,95,0.0231230526,210
205,서울디지털대학교,2026,2025,110000,49,0.0224489796,208
206,서울기독대학교,2026,2025,117550,59,0.0199237288,207
207,경동대학교_제3캠퍼스,2026,2025,183945,95,0.0193626316,190
208,호남신학대학교,2026,2025,60290,32,0.0188406250,113
209,금강대학교,2026,2025,15750,9,0.0175000000,159
210,전주교육대학교,2026,2025,86100,57,0.0151052632,37
211,서울사이버대학교,2026,2025,114934,78,0.0147351282,209
212,부산디지털대학교,2026,2025,27272,19,0.0143536842,223
213,아신대학교,2026,2025,42683,33,0.0129342424,89
214,가야대학교(김해),2026,2025,76810,60,0.0128016667,133
215,목포가톨릭대학교,2026,2025,25000,22,0.0113636364,245
216,수원가톨릭대학교,2026,2025,9000,8,0.0112500000,58
217,광신대학교,2026,2025,56008,50,0.0112016000,150
218,서울한영대학교,2026,2025,39000,36,0.0108333333,213
219,신경주대학교,2026,2025,44900,42,0.0106904762,94
220,예원예술대학교,2026,2025,38000,36,0.0105555556,80
221,영남신학대학교,2026,2025,26300,25,0.0105200000,78
222,서울장신대학교,2026,2025,32200,34,0.0094705882,212
223,숭실사이버대학교,2026,2025,35455,38,0.0093302632,64
224,인천가톨릭대학교,2026,2025,20000,23,0.0086956522,72
225,루터대학교,2026,2025,13000,15,0.0086666667,241
226,대신대학교,2026,2025,52213,67,0.0077929851,197
227,대전가톨릭대학교,2026,2025,5200,10,0.0052000000,226
228,국립창원대학교(남해캠퍼스)_제3캠퍼스,2026,2025,6000,18,0.0033333333,51
229,경동대학교,2026,2025,15000,46,0.0032608696,189
230,예원예술대학교_제2캠퍼스,2026,2025,4000,16,0.0025000000,81
231,칼빈대학교,2026,2025,19100,80,0.0023875000,138
232,제주국제대학교,2026,2025,5000,30,0.0016666667,123
233,한일장신대학교,2026,2025,1500,35,0.0004285714,110
234,건양사이버대학교,2026,2025,0,19,0.0000000000,185
234,광주가톨릭대학교,2026,2025,0,16,0.0000000000,152
234,국립창원대학교(거창캠퍼스)_제2캠퍼스,2026,2025,0,26,0.0000000000,26
234,대구사이버대학교,2026,2025,0,22,0.0000000000,168
234,대구예술대학교,2026,2025,0,18,0.0000000000,169
234,대전신학대학교,2026,2025,0,7,0.0000000000,228
234,디지털서울문화예술대학교,2026,2025,0,16,0.0000000000,240
234,순복음총회신학교,2026,2025,0,9,0.0000000000,63
234,원광디지털대학교,2026,2025,0,27,0.0000000000,57
234,중앙승가대학교,2026,2025,0,14,0.0000000000,128
234,한국열린사이버대학교,2026,2025,0,26,0.0000000000,120
234,한국예술종합학교,2026,2025,0,126,0.0000000000,249
234,화신사이버대학교,2026,2025,0,12,0.0000000000,247
